{"policy_loss": -789.962646484375, "_timestamp": 1655311236, "_runtime": 50096, "_step": 4267, "value_loss": 4640.578125}