{"policy_loss": 427.4190979003906, "_timestamp": 1656036123, "_runtime": 13129, "_step": 1055, "value_loss": 1027.909912109375}