{"policy_loss": 293.66522216796875, "_timestamp": 1656005771, "_runtime": 6, "_step": 1, "value_loss": 741.4754028320312}