{"policy_loss": -289.00140380859375, "_timestamp": 1656084505, "_runtime": 105, "_step": 21, "value_loss": 1196.1424560546875}