{"policy_loss": -111.70985412597656, "_timestamp": 1655202559, "_runtime": 202, "_step": 37, "value_loss": 463.7679138183594}