{"policy_loss": 111.3796615600586, "_timestamp": 1656022968, "_runtime": 3285, "_step": 461, "value_loss": 134.57632446289062}