{"policy_loss": 781.0924072265625, "_timestamp": 1655348242, "_runtime": 21337, "_step": 879, "value_loss": 36561.90625}