{"policy_loss": -13.644991874694824, "_timestamp": 1655425918, "_runtime": 77060, "_step": 7203, "value_loss": 10.445168495178223}