{"policy_loss": 349.91473388671875, "_timestamp": 1656006392, "_runtime": 5, "_step": 1, "value_loss": 1077.3780517578125}