{"policy_loss": 434.6343688964844, "_timestamp": 1655203916, "_runtime": 6, "_step": 1, "value_loss": 2475.33056640625}