{"policy_loss": 224.6190948486328, "_timestamp": 1656005944, "_runtime": 5, "_step": 1, "value_loss": 516.4963989257812}