{"policy_loss": 163.576904296875, "_timestamp": 1655221365, "_runtime": 132, "_step": 29, "value_loss": 202.67726135253906}