{"policy_loss": 131.18798828125, "_timestamp": 1655206973, "_runtime": 300, "_step": 63, "value_loss": 142.87808227539062}