{"policy_loss": 237.18002319335938, "_timestamp": 1655228608, "_runtime": 7224, "_step": 1113, "value_loss": 574.2529296875}