{"policy_loss": 29.80017852783203, "_timestamp": 1656077603, "_runtime": 324, "_step": 57, "value_loss": 217.91961669921875}