{"policy_loss": 5253.24755859375, "_timestamp": 1655206583, "_runtime": 100, "_step": 17, "value_loss": 105806.1328125}