{"policy_loss": -257.735107421875, "_timestamp": 1655201608, "_runtime": 254, "_step": 24029, "value_loss": 211.5060577392578}