{"policy_loss": 140.9355926513672, "_timestamp": 1656005822, "_runtime": 5, "_step": 1, "value_loss": 244.45468139648438}