{"policy_loss": 33.70543670654297, "_timestamp": 1655221216, "_runtime": 65, "_step": 11, "value_loss": 29.04267692565918}