{"policy_loss": 542.204345703125, "_timestamp": 1655206644, "_runtime": 46, "_step": 13, "value_loss": 937.0057983398438}