{"policy_loss": -284.38385009765625, "_timestamp": 1655221085, "_runtime": 13943, "_step": 1331, "value_loss": 166.1844024658203}