{"policy_loss": 274.46502685546875, "_timestamp": 1656005985, "_runtime": 5, "_step": 1, "value_loss": 705.11083984375}