{"policy_loss": 188.6101531982422, "_timestamp": 1656076694, "_runtime": 31, "_step": 7, "value_loss": 1637.5927734375}