{"policy_loss": -63.12621307373047, "_timestamp": 1655202318, "_runtime": 315, "_step": 32419, "value_loss": 476.98040771484375}