{"policy_loss": 589.7149047851562, "_timestamp": 1655206443, "_runtime": 41, "_step": 7, "value_loss": 1230.8624267578125}