{"policy_loss": 318.3296203613281, "_timestamp": 1656006215, "_runtime": 5, "_step": 1, "value_loss": 992.3499755859375}