{"policy_loss": 2.5883047580718994, "_timestamp": 1656071700, "_runtime": 35553, "_step": 855, "value_loss": 209.70025634765625}