{"policy_loss": 658.1643676757812, "_timestamp": 1656073601, "_runtime": 37454, "_step": 961, "value_loss": 22307.896484375}