{"policy_loss": 22.747314453125, "_timestamp": 1656068091, "_runtime": 31944, "_step": 673, "value_loss": 39.301570892333984}