{"policy_loss": 134.4354705810547, "_timestamp": 1655261090, "_runtime": 32461, "_step": 5137, "value_loss": 219.1501922607422}