{"policy_loss": 222.13243103027344, "_timestamp": 1656006084, "_runtime": 6, "_step": 1, "value_loss": 512.8803100585938}