{"policy_loss": 886.9401245117188, "_timestamp": 1656004808, "_runtime": 18, "_step": 7, "value_loss": 4515.7939453125}