{"policy_loss": -105.0744400024414, "_timestamp": 1655326874, "_runtime": 15562, "_step": 2403, "value_loss": 276.57916259765625}