{"policy_loss": 459.8374328613281, "_timestamp": 1656076881, "_runtime": 47, "_step": 11, "value_loss": 19004.21484375}